slide_id,Y,Y_hat,p_0,p_1
Tumor_4,1.0,1.0,8.16631072666496e-05,0.9999183416366577
Tumor_11,1.0,1.0,8.16631072666496e-05,0.9999183416366577
Normal_3,0.0,0.0,0.9999607801437378,3.917366484529339e-05
