slide_id,Y,Y_hat,p_0,p_1
Tumor_4,1.0,1.0,7.404608913930133e-05,0.999925971031189
NCC_4,1.0,1.0,1.187473662866978e-05,0.9999880790710449
Normal_5,0.0,0.0,0.9999794960021973,2.0533816496026702e-05
