slide_id,Y,Y_hat,p_0,p_1
NCC_3,1.0,1.0,1.0695917808334343e-05,0.9999892711639404
NCC_10,1.0,1.0,1.0695917808334343e-05,0.9999892711639404
Normal_3,0.0,0.0,0.9999752044677734,2.480655712133739e-05
