slide_id,Y,Y_hat,p_0,p_1
Tumor_2,1.0,1.0,1.9996869013994e-05,0.9999799728393555
Tumor_6,1.0,1.0,1.9996869013994e-05,0.9999799728393555
Normal_4,0.0,0.0,0.9999887943267822,1.1243007975281216e-05
