slide_id,Y,Y_hat,p_0,p_1
NCC_2,1.0,1.0,1.6362280803150497e-05,0.9999836683273315
NCC_11,1.0,1.0,1.6362280803150497e-05,0.9999836683273315
Normal_1,0.0,0.0,0.9999740123748779,2.597984166641254e-05
